,State,planted,abd rate,yield
0,TEXAS,24991.79970051253,0.35128988395548355,630.3999999999796
1,CALIFORNIA,130149.47831317352,0.017564707895993042,1369.1333333333241
2,NEW MEXICO,12353.063201978628,0.3078475508356075,695.7333333333154
3,ARIZONA,12432.605558984696,0.011250334310022939,997.1333333333387
