,State,planted,abd rate,yield
0,TEXAS,24991.79970051253,0.11605608780531382,630.3999999999796
1,CALIFORNIA,130149.47831317352,0.010360002522291398,1369.1333333333241
2,NEW MEXICO,12353.063201978628,0.020103718626432093,695.7333333333154
3,ARIZONA,12432.605558984696,0.012134861921430082,997.1333333333387
