State,Predicted_Acres_2025
TEXAS,26752.934829383034
CALIFORNIA,121125.23172247998
NEW MEXICO,11821.305667069111
ARIZONA,13163.63128416514
